{
  "cesVersion": "2.11.14",
  "projectName": "ecommerce-app-ui",
  "packages": [
    {
      "name": "react-navigation",
      "type": "navigation",
      "options": {
        "type": "tabs"
      }
    },
    {
      "name": "restyle",
      "type": "styling"
    }
  ],
  "flags": {
    "noGit": false,
    "noInstall": false,
    "overwrite": false,
    "importAlias": true,
    "packageManager": "npm",
    "eas": false
  },
  "packageManager": {
    "type": "npm",
    "version": "10.7.0"
  },
  "os": {
    "type": "Darwin",
    "platform": "darwin",
    "arch": "arm64",
    "kernelVersion": "23.3.0"
  }
}
